,time,체중(kg),index,개체번호,일일 착유 횟수,착유량(L),섭취량(kg),CO2 측정값,온도 측정값,습도 측정값
0,2020-01-01 00:00:00,650.0,0.0,20160605020071.0,2.0,90.0,,,,
1,2020-01-02 00:00:00,661.0,1.0,20160605020071.0,2.0,86.0,,,,
2,2020-01-03 00:00:00,668.0,2.0,20160605020071.0,2.0,90.0,,,,
3,2020-01-04 00:00:00,644.0,3.0,20160605020071.0,2.0,92.0,,,,
4,2020-01-05 00:00:00,662.0,4.0,20160605020071.0,2.0,96.0,,,,
5,2020-01-06 00:00:00,659.0,5.0,20160605020071.0,2.0,94.0,,,,
6,2020-01-07 00:00:00,659.0,6.0,20160605020071.0,2.0,94.0,,,,
7,2020-01-08 00:00:00,656.0,7.0,20160605020071.0,2.0,94.0,,,,
8,2020-01-09 00:00:00,659.0,8.0,20160605020071.0,2.0,94.0,,,,
9,2020-01-10 00:00:00,645.0,9.0,20160605020071.0,2.0,90.0,,,,
10,2020-01-11 00:00:00,660.0,10.0,20160605020071.0,2.0,92.0,,,,
11,2020-01-12 00:00:00,657.0,11.0,20160605020071.0,2.0,90.0,,,,
12,2020-01-13 00:00:00,662.0,12.0,20160605020071.0,2.0,92.0,,,,
13,2020-01-14 00:00:00,663.0,13.0,20160605020071.0,2.0,94.0,,,,
14,2020-01-15 00:00:00,660.0,14.0,20160605020071.0,2.0,96.0,,,,
15,2020-01-16 00:00:00,652.0,15.0,20160605020071.0,2.0,92.0,,,,
16,2020-01-17 00:00:00,661.0,16.0,20160605020071.0,2.0,92.0,,,,
17,2020-01-18 00:00:00,673.0,17.0,20160605020071.0,2.0,94.0,,,,
18,2020-01-19 00:00:00,668.0,18.0,20160605020071.0,2.0,96.0,,,,
19,2020-01-20 00:00:00,672.0,19.0,20160605020071.0,2.0,98.0,,,,
20,2020-01-21 00:00:00,682.0,20.0,20160605020071.0,2.0,96.0,,,,
21,2020-01-22 00:00:00,673.0,21.0,20160605020071.0,2.0,98.0,,,,
22,2020-01-23 00:00:00,663.0,22.0,20160605020071.0,2.0,98.0,,,,
23,2020-01-24 00:00:00,661.0,23.0,20160605020071.0,2.0,94.0,,,,
24,2020-01-25 00:00:00,661.0,24.0,20160605020071.0,2.0,92.0,,,,
25,2020-01-26 00:00:00,662.0,25.0,20160605020071.0,2.0,90.0,,,,
26,2020-01-27 00:00:00,657.0,26.0,20160605020071.0,2.0,88.0,,,,
27,2020-01-28 00:00:00,661.0,27.0,20160605020071.0,2.0,88.0,,,,
28,2020-01-29 00:00:00,674.0,28.0,20160605020071.0,2.0,90.0,,,,
29,2020-01-30 00:00:00,666.0,29.0,20160605020071.0,2.0,94.0,,,,
30,2020-01-31 00:00:00,662.0,30.0,20160605020071.0,2.0,96.0,,,,
31,2020-02-01 00:00:00,676.0,31.0,20160605020071.0,2.0,94.0,,,,
32,2020-02-02 00:00:00,667.0,32.0,20160605020071.0,2.0,96.0,,,,
33,2020-02-03 00:00:00,659.0,33.0,20160605020071.0,2.0,94.0,,,,
34,2020-02-04 00:00:00,666.0,34.0,20160605020071.0,2.0,98.0,,,,
35,2020-02-05 00:00:00,652.0,35.0,20160605020071.0,2.0,98.0,,,,
36,2020-02-06 00:00:00,636.0,36.0,20160605020071.0,2.0,58.0,,,,
37,2020-02-07 00:00:00,656.0,37.0,20160605020071.0,2.0,92.0,,,,
38,2020-02-08 00:00:00,654.0,38.0,20160605020071.0,2.0,96.0,,,,
39,2020-02-09 00:00:00,664.0,39.0,20160605020071.0,2.0,92.0,,,,
40,2020-02-10 00:00:00,667.0,40.0,20160605020071.0,2.0,100.0,,,,
41,2020-02-11 00:00:00,669.0,41.0,20160605020071.0,2.0,100.0,,,,
42,2020-02-12 00:00:00,669.0,42.0,20160605020071.0,2.0,98.0,,,,
43,2020-02-13 00:00:00,664.0,43.0,20160605020071.0,2.0,106.0,,,,
44,2020-02-14 00:00:00,667.0,44.0,20160605020071.0,2.0,100.0,,,,
45,2020-02-15 00:00:00,654.0,45.0,20160605020071.0,2.0,98.0,,,,
46,2020-02-16 00:00:00,664.0,46.0,20160605020071.0,2.0,98.0,,,,
47,2020-02-17 00:00:00,665.0,47.0,20160605020071.0,2.0,98.0,,,,
48,2020-02-18 00:00:00,654.0,48.0,20160605020071.0,2.0,100.0,,,,
49,2020-02-19 00:00:00,651.0,49.0,20160605020071.0,2.0,98.0,,,,
50,2020-02-20 00:00:00,657.0,50.0,20160605020071.0,2.0,102.0,,,,
51,2020-02-21 00:00:00,654.0,51.0,20160605020071.0,2.0,104.0,,,,
52,2020-02-22 00:00:00,665.0,52.0,20160605020071.0,2.0,98.0,,,,
53,2020-02-23 00:00:00,660.0,53.0,20160605020071.0,2.0,104.0,,,,
54,2020-02-24 00:00:00,667.0,54.0,20160605020071.0,2.0,98.0,,,,
55,2020-02-25 00:00:00,654.0,55.0,20160605020071.0,2.0,102.0,,,,
56,2020-02-26 00:00:00,654.0,56.0,20160605020071.0,2.0,104.0,,,,
57,2020-02-27 00:00:00,641.0,57.0,20160605020071.0,2.0,94.0,,,,
58,2020-02-28 00:00:00,648.0,58.0,20160605020071.0,2.0,100.0,,,,
59,2020-02-29 00:00:00,662.0,59.0,20160605020071.0,2.0,104.0,,,,
60,2020-03-01 00:00:00,650.0,60.0,20160605020071.0,2.0,102.0,,,,
61,2020-03-02 00:00:00,675.0,61.0,20160605020071.0,2.0,98.0,,,,
62,2020-03-03 00:00:00,679.0,62.0,20160605020071.0,2.0,108.0,,,,
63,2020-03-04 00:00:00,680.0,63.0,20160605020071.0,2.0,100.0,,,,
64,2020-03-05 00:00:00,680.0,64.0,20160605020071.0,2.0,104.0,,,,
65,2020-03-06 00:00:00,681.0,65.0,20160605020071.0,2.0,102.0,,,,
66,2020-03-07 00:00:00,674.0,66.0,20160605020071.0,2.0,100.0,,,,
67,2020-03-08 00:00:00,681.0,67.0,20160605020071.0,2.0,102.0,,,,
68,2020-03-09 00:00:00,675.0,68.0,20160605020071.0,2.0,96.0,,,,
69,2020-03-10 00:00:00,680.0,69.0,20160605020071.0,2.0,100.0,,,,
70,2020-03-11 00:00:00,677.0,70.0,20160605020071.0,2.0,102.0,,,,
71,2020-03-12 00:00:00,675.0,71.0,20160605020071.0,2.0,104.0,,,,
72,2020-03-13 00:00:00,678.0,72.0,20160605020071.0,2.0,100.0,,,,
73,2020-03-14 00:00:00,678.0,73.0,20160605020071.0,2.0,104.0,,,,
74,2020-03-15 00:00:00,665.0,74.0,20160605020071.0,2.0,98.0,,,,
75,2020-03-16 00:00:00,678.0,75.0,20160605020071.0,2.0,100.0,,,,
76,2020-03-17 00:00:00,680.0,76.0,20160605020071.0,2.0,100.0,,,,
77,2020-03-18 00:00:00,686.0,77.0,20160605020071.0,2.0,96.0,,,,
78,2020-03-19 00:00:00,679.0,78.0,20160605020071.0,2.0,102.0,,,,
79,2020-03-20 00:00:00,684.0,79.0,20160605020071.0,2.0,100.0,,,,
80,2020-03-21 00:00:00,673.0,80.0,20160605020071.0,2.0,102.0,,,,
81,2020-03-22 00:00:00,669.0,81.0,20160605020071.0,2.0,98.0,,,,
82,2020-03-23 00:00:00,671.0,82.0,20160605020071.0,2.0,100.0,,,,
83,2020-03-24 00:00:00,674.0,83.0,20160605020071.0,2.0,96.0,,,,
84,2020-03-25 00:00:00,677.0,84.0,20160605020071.0,2.0,98.0,,,,
85,2020-03-26 00:00:00,689.0,85.0,20160605020071.0,2.0,92.0,,,,
86,2020-03-27 00:00:00,670.0,86.0,20160605020071.0,2.0,98.0,,,,
87,2020-03-28 00:00:00,667.0,87.0,20160605020071.0,2.0,98.0,,,,
88,2020-03-29 00:00:00,672.0,88.0,20160605020071.0,2.0,100.0,,,,
89,2020-03-30 00:00:00,673.0,89.0,20160605020071.0,2.0,98.0,,,,
90,2020-03-31 00:00:00,675.0,90.0,20160605020071.0,2.0,96.0,,,,
91,2020-04-01 00:00:00,668.0,91.0,20160605020071.0,2.0,100.0,,,,
92,2020-04-02 00:00:00,671.0,92.0,20160605020071.0,2.0,100.0,,,,
93,2020-04-03 00:00:00,677.0,93.0,20160605020071.0,2.0,98.0,,,,
94,2020-04-04 00:00:00,671.0,94.0,20160605020071.0,2.0,102.0,,,,
95,2020-04-05 00:00:00,682.0,95.0,20160605020071.0,2.0,100.0,,,,
96,2020-04-06 00:00:00,683.0,96.0,20160605020071.0,2.0,100.0,,,,
97,2020-04-07 00:00:00,690.0,97.0,20160605020071.0,2.0,102.0,,,,
98,2020-04-08 00:00:00,704.0,98.0,20160605020071.0,2.0,98.0,,,,
99,2020-04-09 00:00:00,683.0,99.0,20160605020071.0,2.0,98.0,,,,
100,2020-04-10 00:00:00,683.0,100.0,20160605020071.0,2.0,100.0,,,,
101,2020-04-11 00:00:00,687.0,101.0,20160605020071.0,2.0,98.0,,,,
102,2020-04-12 00:00:00,684.0,102.0,20160605020071.0,2.0,98.0,,,,
103,2020-04-13 00:00:00,687.0,103.0,20160605020071.0,2.0,100.0,,,,
104,2020-04-14 00:00:00,696.0,104.0,20160605020071.0,2.0,96.0,,,,
105,2020-04-15 00:00:00,698.0,105.0,20160605020071.0,2.0,100.0,,,,
106,2020-04-16 00:00:00,687.0,106.0,20160605020071.0,2.0,98.0,,,,
107,2020-04-17 00:00:00,702.0,107.0,20160605020071.0,2.0,98.0,,,,
108,2020-04-18 00:00:00,700.0,108.0,20160605020071.0,2.0,100.0,,,,
109,2020-04-19 00:00:00,699.0,109.0,20160605020071.0,2.0,100.0,,,,
110,2020-04-20 00:00:00,698.0,110.0,20160605020071.0,2.0,102.0,,,,
111,2020-04-21 00:00:00,705.0,111.0,20160605020071.0,2.0,98.0,,,,
112,2020-04-22 00:00:00,701.0,112.0,20160605020071.0,2.0,102.0,,,,
113,2020-04-23 00:00:00,707.0,113.0,20160605020071.0,2.0,100.0,,,,
114,2020-04-24 00:00:00,710.0,114.0,20160605020071.0,2.0,100.0,,,,
115,2020-04-25 00:00:00,709.0,115.0,20160605020071.0,2.0,102.0,,,,
116,2020-04-26 00:00:00,711.0,116.0,20160605020071.0,2.0,102.0,,,,
117,2020-04-27 00:00:00,713.0,117.0,20160605020071.0,2.0,100.0,,,,
118,2020-04-28 00:00:00,718.0,118.0,20160605020071.0,2.0,102.0,,,,
119,2020-04-29 00:00:00,713.0,119.0,20160605020071.0,2.0,100.0,,,,
120,2020-04-30 00:00:00,704.0,120.0,20160605020071.0,2.0,98.0,,,,
121,2020-05-01 00:00:00,698.0,121.0,20160605020071.0,2.0,102.0,,,,
122,2020-05-02 00:00:00,710.0,122.0,20160605020071.0,2.0,98.0,,,,
123,2020-05-03 00:00:00,715.0,123.0,20160605020071.0,2.0,100.0,,,,
124,2020-05-04 00:00:00,712.0,124.0,20160605020071.0,2.0,100.0,,,,
125,2020-05-05 00:00:00,713.0,125.0,20160605020071.0,2.0,100.0,,,,
126,2020-05-06 00:00:00,704.0,126.0,20160605020071.0,2.0,98.0,,,,
127,2020-05-07 00:00:00,716.0,127.0,20160605020071.0,2.0,96.0,,,,
128,2020-05-08 00:00:00,707.0,128.0,20160605020071.0,2.0,94.0,,,,
129,2020-05-09 00:00:00,715.0,129.0,20160605020071.0,2.0,100.0,,,,
130,2020-05-10 00:00:00,703.0,130.0,20160605020071.0,2.0,100.0,,,,
131,2020-05-11 00:00:00,728.0,131.0,20160605020071.0,2.0,94.0,,,,
132,2020-05-12 00:00:00,722.0,132.0,20160605020071.0,2.0,98.0,,,,
133,2020-05-13 00:00:00,713.0,133.0,20160605020071.0,2.0,100.0,,,,
134,2020-05-14 00:00:00,724.0,134.0,20160605020071.0,2.0,98.0,,,,
135,2020-05-15 00:00:00,710.0,135.0,20160605020071.0,2.0,100.0,,,,
136,2020-05-16 00:00:00,713.0,136.0,20160605020071.0,2.0,100.0,,,,
137,2020-05-17 00:00:00,710.0,137.0,20160605020071.0,2.0,100.0,,,,
138,2020-05-18 00:00:00,724.0,138.0,20160605020071.0,2.0,102.0,,,,
139,2020-05-19 00:00:00,702.0,139.0,20160605020071.0,2.0,96.0,,,,
140,2020-05-20 00:00:00,713.0,140.0,20160605020071.0,2.0,96.0,,,,
141,2020-05-21 00:00:00,714.0,141.0,20160605020071.0,2.0,100.0,,,,
142,2020-05-22 00:00:00,725.0,142.0,20160605020071.0,2.0,100.0,,,,
143,2020-05-23 00:00:00,729.0,143.0,20160605020071.0,2.0,100.0,,,,
144,2020-05-24 00:00:00,721.0,144.0,20160605020071.0,2.0,100.0,,,,
145,2020-05-25 00:00:00,712.0,145.0,20160605020071.0,2.0,100.0,,,,
146,2020-05-26 00:00:00,717.0,146.0,20160605020071.0,2.0,100.0,,,,
147,2020-05-27 00:00:00,726.0,147.0,20160605020071.0,2.0,102.0,,,,
148,2020-05-28 00:00:00,722.0,148.0,20160605020071.0,2.0,102.0,,,,
149,2020-05-29 00:00:00,714.0,149.0,20160605020071.0,2.0,100.0,,,,
150,2020-05-30 00:00:00,712.0,150.0,20160605020071.0,2.0,100.0,,,,
151,2020-05-31 00:00:00,719.0,151.0,20160605020071.0,2.0,100.0,,,,
152,2020-06-01 00:00:00,724.0,152.0,20160605020071.0,2.0,104.0,,,,
153,2020-06-02 00:00:00,723.0,153.0,20160605020071.0,2.0,104.0,,,,
154,2020-06-03 00:00:00,737.0,154.0,20160605020071.0,2.0,100.0,,,,
155,2020-06-04 00:00:00,729.0,155.0,20160605020071.0,2.0,98.0,,,,
156,2020-06-05 00:00:00,737.0,156.0,20160605020071.0,2.0,96.0,,,,
157,2020-06-06 00:00:00,731.0,157.0,20160605020071.0,2.0,98.0,,,,
158,2020-06-07 00:00:00,725.0,158.0,20160605020071.0,2.0,98.0,,,,
159,2020-06-08 00:00:00,736.0,159.0,20160605020071.0,2.0,100.0,,,,
160,2020-06-09 00:00:00,731.0,160.0,20160605020071.0,2.0,98.0,,,,
161,2020-06-10 00:00:00,730.0,161.0,20160605020071.0,2.0,80.0,,,,
162,2020-06-11 00:00:00,735.0,162.0,20160605020071.0,2.0,98.0,,,,
163,2020-06-12 00:00:00,720.0,163.0,20160605020071.0,2.0,100.0,,,,
164,2020-06-13 00:00:00,731.0,164.0,20160605020071.0,2.0,96.0,,,,
165,2020-06-14 00:00:00,729.0,165.0,20160605020071.0,2.0,90.0,,,,
166,2020-06-15 00:00:00,727.0,166.0,20160605020071.0,2.0,96.0,,,,
167,2020-06-16 00:00:00,729.0,167.0,20160605020071.0,2.0,94.0,,,,
168,2020-06-17 00:00:00,722.0,168.0,20160605020071.0,2.0,98.0,,,,
169,2020-06-18 00:00:00,723.0,169.0,20160605020071.0,2.0,94.0,,,,
170,2020-06-19 00:00:00,730.0,170.0,20160605020071.0,2.0,98.0,,,,
171,2020-06-20 00:00:00,735.0,171.0,20160605020071.0,2.0,98.0,,,,
172,2020-06-21 00:00:00,727.0,172.0,20160605020071.0,2.0,98.0,,,,
173,2020-06-22 00:00:00,723.0,173.0,20160605020071.0,2.0,96.0,,,,
174,2020-06-23 00:00:00,719.0,174.0,20160605020071.0,2.0,94.0,,,,
175,2020-06-24 00:00:00,725.0,175.0,20160605020071.0,2.0,96.0,,,,
176,2020-06-25 00:00:00,714.0,176.0,20160605020071.0,2.0,90.0,,,,
177,2020-06-26 00:00:00,725.0,177.0,20160605020071.0,2.0,88.0,,,,
178,2020-06-27 00:00:00,716.0,178.0,20160605020071.0,2.0,88.0,,,,
179,2020-06-28 00:00:00,700.0,179.0,20160605020071.0,2.0,92.0,,,,
180,2020-06-29 00:00:00,726.0,180.0,20160605020071.0,2.0,88.0,,,,
181,2020-06-30 00:00:00,717.0,181.0,20160605020071.0,2.0,88.0,,,,
182,2020-07-01 00:00:00,724.0,182.0,20160605020071.0,1.0,42.0,,,,
183,2020-07-02 00:00:00,725.0,183.0,20160605020071.0,1.0,42.0,,,,
184,2020-07-03 00:00:00,729.0,184.0,20160605020071.0,1.0,41.0,,,,
185,2020-07-04 00:00:00,732.0,185.0,20160605020071.0,1.0,42.0,,,,
186,2020-07-05 00:00:00,741.0,186.0,20160605020071.0,1.0,42.0,,,,
187,2020-07-06 00:00:00,741.0,187.0,20160605020071.0,1.0,43.0,,,,
188,2020-07-07 00:00:00,732.0,188.0,20160605020071.0,1.0,44.0,,,,
189,2020-07-08 00:00:00,735.0,189.0,20160605020071.0,1.0,44.0,,,,
190,2020-07-09 00:00:00,746.0,190.0,20160605020071.0,1.0,43.0,,,,
191,2020-07-10 00:00:00,741.0,191.0,20160605020071.0,1.0,46.0,,,,
192,2020-07-11 00:00:00,731.0,192.0,20160605020071.0,1.0,44.0,,,,
193,2020-07-12 00:00:00,745.0,193.0,20160605020071.0,1.0,43.0,,,,
194,2020-07-13 00:00:00,738.0,194.0,20160605020071.0,1.0,44.0,,,,
195,2020-07-14 00:00:00,731.0,195.0,20160605020071.0,1.0,46.0,,,,
196,2020-07-15 00:00:00,741.0,196.0,20160605020071.0,1.0,44.0,,,,
197,2020-07-16 00:00:00,735.0,197.0,20160605020071.0,1.0,44.0,,,,
198,2020-07-17 00:00:00,738.0,198.0,20160605020071.0,1.0,45.0,,,,
199,2020-07-18 00:00:00,744.0,199.0,20160605020071.0,1.0,45.0,,,,
200,2020-07-19 00:00:00,738.0,200.0,20160605020071.0,1.0,45.0,,,,
201,2020-07-20 00:00:00,727.0,201.0,20160605020071.0,1.0,43.0,,,,
202,2020-07-21 00:00:00,744.0,202.0,20160605020071.0,1.0,44.0,,,,
203,2020-07-22 00:00:00,742.0,203.0,20160605020071.0,1.0,43.0,,,,
204,2020-07-23 00:00:00,718.0,204.0,20160605020071.0,1.0,41.0,,,,
205,2020-07-24 00:00:00,736.0,205.0,20160605020071.0,1.0,39.0,,,,
206,2020-07-25 00:00:00,726.0,206.0,20160605020071.0,1.0,39.0,,,,
207,2020-07-26 00:00:00,697.0,207.0,20160605020071.0,1.0,18.0,,,,
208,2020-07-27 00:00:00,705.0,208.0,20160605020071.0,1.0,23.0,,,,
209,2020-07-28 00:00:00,734.0,209.0,20160605020071.0,1.0,36.0,,,,
210,2020-07-29 00:00:00,728.0,210.0,20160605020071.0,1.0,36.0,,,,
211,2020-07-30 00:00:00,735.0,211.0,20160605020071.0,1.0,34.0,,,,
212,2020-07-31 00:00:00,733.0,212.0,20160605020071.0,1.0,34.0,,,,
213,2020-08-01 00:00:00,728.0,213.0,20160605020071.0,1.0,35.0,,,,
214,2020-08-02 00:00:00,728.0,214.0,20160605020071.0,1.0,32.0,,,,
215,2020-08-03 00:00:00,749.0,215.0,20160605020071.0,1.0,31.0,,,,
216,2020-08-04 00:00:00,736.0,216.0,20160605020071.0,1.0,27.0,,,,
217,2020-08-05 00:00:00,747.0,217.0,20160605020071.0,1.0,26.0,,,,
218,2020-08-06 00:00:00,756.0,218.0,20160605020071.0,1.0,26.0,,,,
219,2020-08-07 00:00:00,732.0,219.0,20160605020071.0,1.0,20.0,,,,
220,2020-08-08 00:00:00,738.0,220.0,20160605020071.0,1.0,20.0,,,,
221,2020-10-08 00:00:00,722.0,222.0,20160605020071.0,1.0,19.0,,685.0,16.0,62.0
222,2020-10-09 00:00:00,716.0,223.0,20160605020071.0,1.0,24.0,,686.0,17.0,63.0
223,2020-10-10 00:00:00,723.0,224.0,20160605020071.0,1.0,30.0,,706.0,16.0,82.0
224,2020-10-11 00:00:00,719.0,225.0,20160605020071.0,1.0,32.0,,698.0,16.0,80.0
225,2020-10-12 00:00:00,704.0,226.0,20160605020071.0,1.0,35.0,,683.0,16.0,78.0
226,2020-10-13 00:00:00,705.0,227.0,20160605020071.0,1.0,39.0,,685.0,13.0,64.0
227,2020-10-14 00:00:00,693.0,228.0,20160605020071.0,1.0,42.0,,685.0,12.0,49.0
228,2020-10-15 00:00:00,706.0,229.0,20160605020071.0,1.0,46.0,,684.0,10.0,56.0
229,2020-10-16 00:00:00,724.0,230.0,20160605020071.0,1.0,48.0,,681.0,10.0,82.0
230,2020-10-17 00:00:00,699.0,231.0,20160605020071.0,1.0,50.0,,678.0,12.0,82.0
231,2020-10-18 00:00:00,700.0,232.0,20160605020071.0,1.0,53.0,,679.0,12.0,82.0
232,2020-10-19 00:00:00,695.0,233.0,20160605020071.0,1.0,54.0,,684.0,14.0,69.0
233,2020-10-20 00:00:00,699.0,234.0,20160605020071.0,1.0,54.0,,685.0,14.0,56.0
234,2020-10-21 00:00:00,705.0,235.0,20160605020071.0,1.0,53.0,,684.0,13.0,36.0
235,2020-10-22 00:00:00,714.0,236.0,20160605020071.0,1.0,55.0,,683.0,14.0,55.0
236,2020-10-23 00:00:00,696.0,237.0,20160605020071.0,1.0,55.0,,681.0,8.0,64.0
237,2020-10-24 00:00:00,689.0,238.0,20160605020071.0,1.0,56.0,,669.0,7.0,82.0
238,2020-10-25 00:00:00,713.0,239.0,20160605020071.0,1.0,56.0,,666.0,10.0,82.0
239,2020-10-26 00:00:00,704.0,240.0,20160605020071.0,1.0,57.0,,682.0,12.0,71.0
240,2020-10-07 00:00:00,,221.0,20160605020071.0,1.0,8.0,,679.0,15.0,82.0
241,2020-12-27 00:00:00,,241.0,20160605020071.0,4.0,76.0,5.0,,,
242,2021-01-04 00:00:00,,242.0,20160605020071.0,3.0,61.0,6.0,,,
243,2021-01-06 00:00:00,,243.0,20160605020071.0,3.0,63.0,9.0,,,
244,2021-01-07 00:00:00,,244.0,20160605020071.0,2.0,48.0,6.0,,,
245,2021-01-08 00:00:00,,245.0,20160605020071.0,3.0,65.0,9.0,,,
246,2021-01-09 00:00:00,,246.0,20160605020071.0,2.0,45.0,6.0,,,
247,2021-01-10 00:00:00,,247.0,20160605020071.0,3.0,68.0,9.0,,,
248,2021-01-11 00:00:00,,248.0,20160605020071.0,3.0,60.0,8.0,,,
249,2021-01-12 00:00:00,,249.0,20160605020071.0,2.0,40.0,5.0,,,
250,2021-01-13 00:00:00,,250.0,20160605020071.0,3.0,61.0,8.0,,,
251,2021-01-14 00:00:00,,251.0,20160605020071.0,3.0,61.0,8.0,,,
252,2021-01-25 00:00:00,,252.0,20160605020071.0,3.0,59.0,9.0,,,
253,2021-01-26 00:00:00,,253.0,20160605020071.0,3.0,61.0,10.0,,,
254,2021-01-27 00:00:00,,254.0,20160605020071.0,3.0,60.0,10.0,,,
255,2021-01-28 00:00:00,,255.0,20160605020071.0,2.0,44.0,7.0,,,
256,2021-01-29 00:00:00,,256.0,20160605020071.0,3.0,61.0,10.0,,,
257,2021-01-30 00:00:00,,257.0,20160605020071.0,3.0,65.0,7.0,,,
258,2021-01-31 00:00:00,,258.0,20160605020071.0,2.0,43.0,10.0,,,
259,2021-02-01 00:00:00,,259.0,20160605020071.0,3.0,60.0,10.0,,,
260,2021-02-02 00:00:00,,260.0,20160605020071.0,3.0,59.0,10.0,,,
261,2021-02-03 00:00:00,,261.0,20160605020071.0,3.0,58.0,9.0,,,
262,2021-02-04 00:00:00,,262.0,20160605020071.0,3.0,58.0,10.0,,,
263,2021-02-06 00:00:00,,263.0,20160605020071.0,3.0,61.0,10.0,,,
264,2021-02-07 00:00:00,,264.0,20160605020071.0,2.0,45.0,7.0,,,
265,2021-02-08 00:00:00,,265.0,20160605020071.0,3.0,66.0,10.0,,,
266,2021-02-09 00:00:00,,266.0,20160605020071.0,3.0,60.0,10.0,,,
267,2021-02-10 00:00:00,,267.0,20160605020071.0,3.0,60.0,10.0,,,
268,2021-02-11 00:00:00,,268.0,20160605020071.0,2.0,44.0,7.0,,,
269,2021-02-12 00:00:00,,269.0,20160605020071.0,3.0,64.0,10.0,,,
270,2021-02-13 00:00:00,,270.0,20160605020071.0,2.0,54.0,7.0,,,
271,2021-02-14 00:00:00,,271.0,20160605020071.0,3.0,61.0,10.0,,,
272,2021-02-15 00:00:00,,272.0,20160605020071.0,2.0,40.0,7.0,,,
273,2021-02-16 00:00:00,,273.0,20160605020071.0,1.0,20.0,,,,
274,2021-02-18 00:00:00,,274.0,20160605020071.0,3.0,61.0,10.0,,,
275,2021-02-20 00:00:00,,275.0,20160605020071.0,2.0,43.0,7.0,,,
276,2021-02-21 00:00:00,,276.0,20160605020071.0,1.0,20.0,,,,
277,2021-02-22 00:00:00,,277.0,20160605020071.0,3.0,59.0,10.0,,,
278,2021-02-23 00:00:00,,278.0,20160605020071.0,3.0,62.0,10.0,,,
279,2021-02-24 00:00:00,,279.0,20160605020071.0,2.0,39.0,7.0,,,
280,2021-02-25 00:00:00,,280.0,20160605020071.0,3.0,60.0,9.0,,,
281,2021-02-26 00:00:00,,281.0,20160605020071.0,3.0,60.0,10.0,,,
282,2021-02-27 00:00:00,,282.0,20160605020071.0,3.0,57.0,10.0,,,
283,2021-02-28 00:00:00,,283.0,20160605020071.0,2.0,44.0,7.0,,,
284,2021-03-01 00:00:00,,284.0,20160605020071.0,3.0,56.0,10.0,,,
285,2021-03-02 00:00:00,,285.0,20160605020071.0,3.0,55.0,9.0,,,
286,2021-03-03 00:00:00,,286.0,20160605020071.0,2.0,37.0,6.0,,,
287,2021-03-04 00:00:00,,287.0,20160605020071.0,3.0,53.0,8.0,,,
288,2021-03-05 00:00:00,,288.0,20160605020071.0,3.0,54.0,8.0,,,
289,2021-03-06 00:00:00,,289.0,20160605020071.0,3.0,55.0,9.0,,,
290,2021-03-07 00:00:00,,290.0,20160605020071.0,3.0,56.0,9.0,,,
291,2021-03-08 00:00:00,,291.0,20160605020071.0,3.0,54.0,8.0,,,
292,2021-03-09 00:00:00,,292.0,20160605020071.0,3.0,56.0,8.0,,,
293,2021-03-10 00:00:00,,293.0,20160605020071.0,2.0,39.0,5.0,,,
294,2021-03-11 00:00:00,,294.0,20160605020071.0,3.0,65.0,9.0,,,
295,2021-03-12 00:00:00,,295.0,20160605020071.0,2.0,42.0,6.0,,,
296,2021-03-13 00:00:00,,296.0,20160605020071.0,3.0,64.0,9.0,,,
297,2021-03-14 00:00:00,,297.0,20160605020071.0,3.0,61.0,8.0,,,
298,2021-03-15 00:00:00,,298.0,20160605020071.0,3.0,57.0,8.0,,,
299,2021-03-16 00:00:00,,299.0,20160605020071.0,3.0,53.0,8.0,,,
300,2021-03-17 00:00:00,,300.0,20160605020071.0,3.0,56.0,8.0,,,
301,2021-03-18 00:00:00,,301.0,20160605020071.0,2.0,40.0,5.0,,,
302,2021-03-19 00:00:00,,302.0,20160605020071.0,3.0,56.0,9.0,,,
303,2021-03-20 00:00:00,,303.0,20160605020071.0,3.0,54.0,8.0,,,
304,2021-03-21 00:00:00,,304.0,20160605020071.0,3.0,54.0,8.0,,,
305,2021-03-29 00:00:00,,305.0,20160605020071.0,3.0,48.0,9.0,,,
306,2021-03-30 00:00:00,,306.0,20160605020071.0,3.0,42.0,6.0,,,
307,2021-04-01 00:00:00,,307.0,20160605020071.0,3.0,36.0,5.0,,,
308,2021-04-02 00:00:00,,308.0,20160605020071.0,4.0,46.0,6.0,,,
309,2021-04-03 00:00:00,,309.0,20160605020071.0,4.0,49.0,7.0,,,
310,2021-04-04 00:00:00,,310.0,20160605020071.0,4.0,45.0,6.0,,,
311,2021-04-05 00:00:00,,311.0,20160605020071.0,5.0,50.0,7.0,,,
312,2021-04-06 00:00:00,,312.0,20160605020071.0,3.0,40.0,6.0,,,
313,2021-04-07 00:00:00,,313.0,20160605020071.0,5.0,58.0,8.0,,,
314,2021-04-09 00:00:00,,314.0,20160605020071.0,4.0,43.0,6.0,,,
315,2021-04-10 00:00:00,,315.0,20160605020071.0,4.0,51.0,7.0,,,
316,2021-04-11 00:00:00,,316.0,20160605020071.0,5.0,53.0,8.0,,,
317,2021-04-12 00:00:00,,317.0,20160605020071.0,5.0,50.0,7.0,,,
318,2021-04-13 00:00:00,,318.0,20160605020071.0,4.0,46.0,7.0,,,
319,2021-04-14 00:00:00,,319.0,20160605020071.0,4.0,47.0,7.0,,,
320,2021-04-21 00:00:00,,320.0,20160605020071.0,4.0,47.0,7.0,,,
321,2021-04-22 00:00:00,,321.0,20160605020071.0,5.0,52.0,8.0,,,
322,2021-04-23 00:00:00,,322.0,20160605020071.0,4.0,47.0,8.0,,,
323,2021-04-25 00:00:00,,323.0,20160605020071.0,5.0,49.0,8.0,,,
324,2021-04-26 00:00:00,,324.0,20160605020071.0,4.0,44.0,7.0,,,
325,2021-04-27 00:00:00,,325.0,20160605020071.0,4.0,49.0,8.0,,,
326,2021-04-28 00:00:00,,326.0,20160605020071.0,4.0,47.0,7.0,,,
327,2021-04-29 00:00:00,,327.0,20160605020071.0,4.0,50.0,7.0,,,
328,2021-05-02 00:00:00,,328.0,20160605020071.0,8.0,102.0,8.0,,,
329,2021-05-03 00:00:00,,329.0,20160605020071.0,8.0,96.0,7.0,,,
330,2021-05-04 00:00:00,,330.0,20160605020071.0,8.0,100.0,8.0,,,
331,2021-05-05 00:00:00,,331.0,20160605020071.0,6.0,86.0,6.0,,,
332,2021-05-06 00:00:00,,332.0,20160605020071.0,8.0,100.0,8.0,,,
333,2021-05-07 00:00:00,,333.0,20160605020071.0,8.0,98.0,8.0,,,
334,2021-05-08 00:00:00,,334.0,20160605020071.0,6.0,90.0,7.0,,,
335,2021-05-09 00:00:00,,335.0,20160605020071.0,8.0,92.0,7.0,,,
336,2021-05-10 00:00:00,,336.0,20160605020071.0,8.0,106.0,9.0,,,
337,2021-05-11 00:00:00,,337.0,20160605020071.0,8.0,96.0,7.0,,,
338,2021-05-12 00:00:00,,338.0,20160605020071.0,4.0,48.0,6.0,,,
339,2021-05-13 00:00:00,,339.0,20160605020071.0,8.0,88.0,8.0,,,
340,2021-05-14 00:00:00,,340.0,20160605020071.0,10.0,102.0,8.0,,,
341,2021-05-15 00:00:00,,341.0,20160605020071.0,10.0,94.0,7.0,,,
342,2021-05-16 00:00:00,,342.0,20160605020071.0,6.0,84.0,7.0,,,
343,2021-05-17 00:00:00,,343.0,20160605020071.0,8.0,86.0,6.0,,,
344,2021-05-18 00:00:00,,344.0,20160605020071.0,10.0,102.0,7.0,,,
345,2021-05-19 00:00:00,,345.0,20160605020071.0,8.0,78.0,8.0,,,
346,2021-05-20 00:00:00,,346.0,20160605020071.0,8.0,90.0,7.0,,,
347,2021-05-21 00:00:00,,347.0,20160605020071.0,10.0,92.0,7.0,,,
348,2021-05-22 00:00:00,,348.0,20160605020071.0,10.0,94.0,8.0,,,
349,2021-05-23 00:00:00,,349.0,20160605020071.0,10.0,94.0,7.0,,,
350,2021-05-24 00:00:00,,350.0,20160605020071.0,10.0,90.0,7.0,,,
351,2021-05-25 00:00:00,,351.0,20160605020071.0,2.0,16.0,,,,
352,2021-05-28 00:00:00,,352.0,20160605020071.0,8.0,96.0,7.0,,,
353,2021-05-29 00:00:00,,353.0,20160605020071.0,8.0,84.0,6.0,,,
354,2021-06-02 00:00:00,,354.0,20160605020071.0,3.0,43.0,7.0,,,
355,2021-06-03 00:00:00,,355.0,20160605020071.0,3.0,45.0,8.0,,,
356,2021-06-04 00:00:00,,356.0,20160605020071.0,3.0,44.0,7.0,,,
357,2021-06-05 00:00:00,,357.0,20160605020071.0,3.0,46.0,8.0,,,
358,2021-06-06 00:00:00,,358.0,20160605020071.0,3.0,41.0,8.0,,,
359,2021-06-07 00:00:00,,359.0,20160605020071.0,3.0,45.0,8.0,,,
360,2021-06-08 00:00:00,,360.0,20160605020071.0,1.0,13.0,,,,
361,2021-06-09 00:00:00,,361.0,20160605020071.0,2.0,31.0,8.0,,,
362,2021-06-10 00:00:00,,362.0,20160605020071.0,3.0,43.0,8.0,,,
363,2021-06-11 00:00:00,,363.0,20160605020071.0,3.0,46.0,9.0,,,
364,2021-06-12 00:00:00,,364.0,20160605020071.0,3.0,47.0,8.0,,,
365,2021-06-13 00:00:00,,365.0,20160605020071.0,3.0,44.0,8.0,,,
366,2021-06-14 00:00:00,,366.0,20160605020071.0,3.0,44.0,8.0,,,
367,2021-06-15 00:00:00,,367.0,20160605020071.0,3.0,43.0,8.0,,,
368,2021-06-16 00:00:00,,368.0,20160605020071.0,3.0,44.0,8.0,,,
369,2021-06-18 00:00:00,,369.0,20160605020071.0,3.0,41.0,7.0,,,
370,2021-06-19 00:00:00,,370.0,20160605020071.0,3.0,44.0,8.0,,,
371,2021-06-20 00:00:00,,371.0,20160605020071.0,3.0,42.0,8.0,,,
372,2021-06-21 00:00:00,,372.0,20160605020071.0,3.0,41.0,7.0,,,
373,2021-06-23 00:00:00,,373.0,20160605020071.0,3.0,41.0,7.0,,,
374,2021-06-24 00:00:00,,374.0,20160605020071.0,3.0,46.0,8.0,,,
375,2021-06-25 00:00:00,,375.0,20160605020071.0,3.0,44.0,8.0,,,
376,2021-06-26 00:00:00,,376.0,20160605020071.0,3.0,38.0,7.0,,,
377,2021-06-27 00:00:00,,377.0,20160605020071.0,3.0,45.0,8.0,,,
378,2021-06-28 00:00:00,,378.0,20160605020071.0,3.0,40.0,7.0,,,
379,2021-06-29 00:00:00,,379.0,20160605020071.0,3.0,38.0,7.0,,,
380,2021-06-30 00:00:00,,380.0,20160605020071.0,3.0,44.0,8.0,,,
381,2021-07-01 00:00:00,,381.0,20160605020071.0,2.0,33.0,6.0,,,
382,2021-07-02 00:00:00,,382.0,20160605020071.0,3.0,50.0,9.0,,,
383,2021-07-03 00:00:00,,383.0,20160605020071.0,3.0,40.0,7.0,,,
384,2021-07-04 00:00:00,,384.0,20160605020071.0,3.0,41.0,7.0,,,
385,2021-07-05 00:00:00,,385.0,20160605020071.0,3.0,44.0,7.0,,,
386,2021-07-06 00:00:00,,386.0,20160605020071.0,3.0,39.0,6.0,,,
387,2021-07-07 00:00:00,,387.0,20160605020071.0,3.0,40.0,6.0,,,
388,2021-07-08 00:00:00,,388.0,20160605020071.0,3.0,40.0,6.0,,,
389,2021-07-09 00:00:00,,389.0,20160605020071.0,3.0,38.0,6.0,,,
390,2021-07-10 00:00:00,,390.0,20160605020071.0,3.0,42.0,6.0,,,
391,2021-07-11 00:00:00,,391.0,20160605020071.0,2.0,31.0,4.0,,,
392,2021-07-12 00:00:00,,392.0,20160605020071.0,2.0,35.0,5.0,,,
393,2021-07-13 00:00:00,,393.0,20160605020071.0,2.0,31.0,4.0,,,
394,2021-07-14 00:00:00,,394.0,20160605020071.0,2.0,31.0,4.0,,,
395,2021-07-15 00:00:00,,395.0,20160605020071.0,3.0,39.0,4.0,,,
396,2021-07-16 00:00:00,,396.0,20160605020071.0,2.0,33.0,3.0,,,
397,2021-07-17 00:00:00,,397.0,20160605020071.0,2.0,31.0,3.0,,,
398,2021-07-18 00:00:00,,398.0,20160605020071.0,2.0,26.0,2.0,,,
399,2021-07-19 00:00:00,,399.0,20160605020071.0,2.0,38.0,3.0,,,
400,2021-07-20 00:00:00,,400.0,20160605020071.0,2.0,30.0,2.0,,,
401,2021-07-21 00:00:00,,401.0,20160605020071.0,2.0,28.0,2.0,,,
402,2021-07-22 00:00:00,,402.0,20160605020071.0,2.0,29.0,2.0,,,
403,2021-07-23 00:00:00,,403.0,20160605020071.0,2.0,28.0,2.0,,,
404,2021-07-24 00:00:00,,404.0,20160605020071.0,2.0,27.0,2.0,,,
405,2021-07-25 00:00:00,,405.0,20160605020071.0,2.0,27.0,2.0,,,
406,2021-07-26 00:00:00,,406.0,20160605020071.0,2.0,30.0,2.0,,,
407,2021-07-28 00:00:00,,407.0,20160605020071.0,2.0,29.0,2.0,,,
408,2021-07-29 00:00:00,,408.0,20160605020071.0,2.0,26.0,2.0,,,
409,2021-07-30 00:00:00,,409.0,20160605020071.0,2.0,27.0,1.0,,,
410,2021-09-21 00:00:00,,410.0,20160605020071.0,1.0,3.0,,,,
411,2021-09-22 00:00:00,,411.0,20160605020071.0,2.0,16.0,,,,
412,2021-09-24 00:00:00,,412.0,20160605020071.0,2.0,24.0,,,,
413,2021-09-25 00:00:00,,413.0,20160605020071.0,2.0,29.0,,,,
414,2021-09-26 00:00:00,,414.0,20160605020071.0,2.0,31.0,,,,
415,2021-09-27 00:00:00,,415.0,20160605020071.0,2.0,37.0,,,,
416,2021-09-28 00:00:00,,416.0,20160605020071.0,2.0,34.0,,,,
417,2021-09-29 00:00:00,,417.0,20160605020071.0,3.0,48.0,,,,
418,2021-09-30 00:00:00,,418.0,20160605020071.0,3.0,47.0,,,,
419,2021-10-01 00:00:00,,419.0,20160605020071.0,2.0,32.0,,,,
420,2021-10-02 00:00:00,,420.0,20160605020071.0,3.0,58.0,,,,
421,2021-10-03 00:00:00,,421.0,20160605020071.0,2.0,35.0,,,,
422,2021-10-04 00:00:00,,422.0,20160605020071.0,3.0,55.0,,,,
423,2021-10-05 00:00:00,,423.0,20160605020071.0,3.0,52.0,,,,
424,2021-10-06 00:00:00,,424.0,20160605020071.0,3.0,53.0,,,,
425,2021-10-07 00:00:00,,425.0,20160605020071.0,2.0,43.0,,,,
426,2021-10-08 00:00:00,,426.0,20160605020071.0,3.0,54.0,,,,
427,2021-10-09 00:00:00,,427.0,20160605020071.0,2.0,41.0,,,,
428,2021-10-10 00:00:00,,428.0,20160605020071.0,2.0,41.0,,,,
429,2021-10-11 00:00:00,,429.0,20160605020071.0,3.0,62.0,,,,
430,2021-10-12 00:00:00,,430.0,20160605020071.0,3.0,57.0,,,,
431,2021-10-13 00:00:00,,431.0,20160605020071.0,3.0,51.0,,,,
432,2021-10-14 00:00:00,,432.0,20160605020071.0,2.0,37.0,,,,
433,2021-10-15 00:00:00,,433.0,20160605020071.0,3.0,49.0,,,,
434,2021-10-16 00:00:00,,434.0,20160605020071.0,3.0,53.0,,,,
435,2021-10-17 00:00:00,,435.0,20160605020071.0,3.0,58.0,,,,
436,2021-10-18 00:00:00,,436.0,20160605020071.0,3.0,54.0,,,,
437,2021-10-19 00:00:00,,437.0,20160605020071.0,3.0,56.0,,,,
438,2021-10-20 00:00:00,,438.0,20160605020071.0,3.0,56.0,,,,
439,2021-10-21 00:00:00,,439.0,20160605020071.0,3.0,56.0,,,,
440,2021-10-22 00:00:00,,440.0,20160605020071.0,3.0,54.0,,,,
441,2021-10-23 00:00:00,,441.0,20160605020071.0,3.0,54.0,,,,
442,2021-10-24 00:00:00,,442.0,20160605020071.0,4.0,68.0,,,,
443,2021-10-25 00:00:00,,443.0,20160605020071.0,3.0,47.0,,,,
444,2021-10-26 00:00:00,,444.0,20160605020071.0,3.0,48.0,,,,
445,2021-10-27 00:00:00,,445.0,20160605020071.0,4.0,63.0,,,,
446,2021-10-28 00:00:00,,446.0,20160605020071.0,3.0,48.0,,,,
447,2021-10-29 00:00:00,,447.0,20160605020071.0,3.0,57.0,,,,
448,2021-10-30 00:00:00,,448.0,20160605020071.0,3.0,53.0,,,,
449,2021-10-31 00:00:00,,449.0,20160605020071.0,3.0,61.0,,,,
450,2021-11-02 00:00:00,,450.0,20160605020071.0,4.0,90.0,,,,
451,2021-11-03 00:00:00,,451.0,20160605020071.0,6.0,114.0,,,,
452,2021-11-04 00:00:00,,452.0,20160605020071.0,6.0,114.0,,,,
453,2021-11-05 00:00:00,,453.0,20160605020071.0,6.0,116.0,,,,
454,2021-11-06 00:00:00,,454.0,20160605020071.0,6.0,112.0,,,,
455,2021-11-07 00:00:00,,455.0,20160605020071.0,6.0,114.0,,,,
456,2021-11-08 00:00:00,,456.0,20160605020071.0,6.0,106.0,,,,
457,2021-11-09 00:00:00,,457.0,20160605020071.0,6.0,116.0,,,,
458,2021-11-12 00:00:00,,458.0,20160605020071.0,6.0,116.0,,,,
459,2021-11-13 00:00:00,,459.0,20160605020071.0,6.0,128.0,,,,
460,2021-11-14 00:00:00,,460.0,20160605020071.0,6.0,120.0,,,,
461,2021-11-16 00:00:00,,461.0,20160605020071.0,6.0,112.0,,,,
462,2021-11-17 00:00:00,,462.0,20160605020071.0,6.0,130.0,,,,
463,2021-11-18 00:00:00,,463.0,20160605020071.0,8.0,148.0,,,,
464,2021-11-19 00:00:00,,464.0,20160605020071.0,6.0,106.0,,,,
465,2021-11-20 00:00:00,,465.0,20160605020071.0,6.0,118.0,,,,
466,2021-11-21 00:00:00,,466.0,20160605020071.0,6.0,116.0,,,,
467,2021-11-22 00:00:00,,467.0,20160605020071.0,6.0,116.0,,,,
468,2021-11-23 00:00:00,,468.0,20160605020071.0,6.0,112.0,,,,
469,2021-11-24 00:00:00,,469.0,20160605020071.0,6.0,126.0,,,,
470,2021-11-25 00:00:00,,470.0,20160605020071.0,6.0,112.0,,,,
471,2021-11-26 00:00:00,,471.0,20160605020071.0,6.0,126.0,,,,
472,2021-11-27 00:00:00,,472.0,20160605020071.0,4.0,120.0,,,,
473,2021-11-28 00:00:00,,473.0,20160605020071.0,6.0,118.0,,,,
474,2021-11-29 00:00:00,,474.0,20160605020071.0,6.0,120.0,,,,
475,2021-11-30 00:00:00,,475.0,20160605020071.0,6.0,122.0,,,,
476,2021-12-01 00:00:00,,476.0,20160605020071.0,3.0,58.0,,,,
477,2021-12-02 00:00:00,,477.0,20160605020071.0,3.0,58.0,,,,
478,2021-12-03 00:00:00,,478.0,20160605020071.0,3.0,60.0,,,,
479,2021-12-04 00:00:00,,479.0,20160605020071.0,3.0,58.0,,,,
480,2021-12-05 00:00:00,,480.0,20160605020071.0,3.0,54.0,,,,
481,2021-12-06 00:00:00,,481.0,20160605020071.0,1.0,22.0,,,,
482,2021-12-07 00:00:00,,482.0,20160605020071.0,3.0,64.0,,,,
483,2021-12-08 00:00:00,,483.0,20160605020071.0,3.0,61.0,,,,
484,2021-12-09 00:00:00,,484.0,20160605020071.0,3.0,58.0,,,,
485,2021-12-10 00:00:00,,485.0,20160605020071.0,3.0,63.0,,,,
486,2021-12-11 00:00:00,,486.0,20160605020071.0,4.0,70.0,,,,
487,2021-12-12 00:00:00,,487.0,20160605020071.0,2.0,34.0,,,,
488,2022-01-25 00:00:00,,488.0,20160605020071.0,3.0,50.0,,,,
489,2022-01-27 00:00:00,,489.0,20160605020071.0,3.0,51.0,,,,
490,2022-01-29 00:00:00,,490.0,20160605020071.0,3.0,47.0,,,,
491,2022-01-31 00:00:00,,491.0,20160605020071.0,3.0,49.0,,,,
492,2022-02-02 00:00:00,,492.0,20160605020071.0,3.0,50.0,,,,
493,2022-02-04 00:00:00,,493.0,20160605020071.0,3.0,49.0,,,,
494,2022-02-06 00:00:00,,494.0,20160605020071.0,2.0,36.0,,,,
495,2022-02-08 00:00:00,,495.0,20160605020071.0,3.0,52.0,,,,
496,2022-02-10 00:00:00,,496.0,20160605020071.0,3.0,46.0,,,,
497,2022-02-12 00:00:00,,497.0,20160605020071.0,3.0,49.0,,,,
498,2022-02-14 00:00:00,,498.0,20160605020071.0,3.0,49.0,,,,
499,2022-02-16 00:00:00,,499.0,20160605020071.0,2.0,11.0,,,,
500,2022-02-18 00:00:00,,500.0,20160605020071.0,3.0,16.0,,,,
501,2022-02-20 00:00:00,,501.0,20160605020071.0,3.0,26.0,,,,
502,2022-02-22 00:00:00,,502.0,20160605020071.0,3.0,28.0,,,,
503,2022-02-24 00:00:00,,503.0,20160605020071.0,3.0,33.0,,,,
504,2022-02-26 00:00:00,,504.0,20160605020071.0,2.0,30.0,,,,
505,2022-03-02 00:00:00,,505.0,20160605020071.0,4.0,46.0,,,,
506,2022-03-04 00:00:00,,506.0,20160605020071.0,6.0,82.0,,,,
507,2022-03-06 00:00:00,,507.0,20160605020071.0,4.0,66.0,,,,
508,2022-03-08 00:00:00,,508.0,20160605020071.0,4.0,78.0,,,,
509,2022-03-10 00:00:00,,509.0,20160605020071.0,6.0,106.0,,,,
510,2022-03-12 00:00:00,,510.0,20160605020071.0,4.0,56.0,,,,
511,2022-03-14 00:00:00,,511.0,20160605020071.0,8.0,94.0,,,,
512,2022-03-16 00:00:00,,512.0,20160605020071.0,6.0,102.0,,,,
513,2022-03-18 00:00:00,,513.0,20160605020071.0,6.0,84.0,,,,
514,2022-03-20 00:00:00,,514.0,20160605020071.0,4.0,78.0,,,,
515,2022-03-22 00:00:00,,515.0,20160605020071.0,6.0,76.0,,,,
516,2022-03-24 00:00:00,,516.0,20160605020071.0,4.0,78.0,,,,
517,2022-03-26 00:00:00,,517.0,20160605020071.0,6.0,98.0,,,,
518,2022-03-28 00:00:00,,518.0,20160605020071.0,6.0,92.0,,,,
519,2022-03-30 00:00:00,,519.0,20160605020071.0,4.0,74.0,,,,
520,2022-04-03 00:00:00,,520.0,20160605020071.0,4.0,53.0,,,,
521,2022-04-05 00:00:00,,521.0,20160605020071.0,3.0,34.0,,,,
522,2022-04-07 00:00:00,,522.0,20160605020071.0,2.0,28.0,,,,
523,2022-04-09 00:00:00,,523.0,20160605020071.0,1.0,20.0,,,,
524,2022-04-11 00:00:00,,524.0,20160605020071.0,2.0,38.0,,,,
525,2022-04-13 00:00:00,,525.0,20160605020071.0,2.0,39.0,,,,
526,2022-04-15 00:00:00,,526.0,20160605020071.0,2.0,40.0,,,,
527,2022-04-17 00:00:00,,527.0,20160605020071.0,2.0,39.0,,,,
528,2022-04-19 00:00:00,,528.0,20160605020071.0,2.0,37.0,,,,
529,2022-04-25 00:00:00,,529.0,20160605020071.0,2.0,38.0,,,,
530,2022-04-29 00:00:00,,530.0,20160605020071.0,4.0,49.0,,,,
531,2022-05-01 00:00:00,,531.0,20160605020071.0,3.0,40.0,,,,
532,2022-05-07 00:00:00,,532.0,20160605020071.0,3.0,33.0,,,,
533,2022-05-09 00:00:00,,533.0,20160605020071.0,3.0,37.0,,,,
534,2022-05-11 00:00:00,,534.0,20160605020071.0,3.0,33.0,,,,
535,2022-05-13 00:00:00,,535.0,20160605020071.0,3.0,39.0,,,,
536,2022-05-15 00:00:00,,536.0,20160605020071.0,4.0,48.0,,,,
537,2022-05-19 00:00:00,,537.0,20160605020071.0,4.0,51.0,,,,
538,2022-05-21 00:00:00,,538.0,20160605020071.0,2.0,36.0,,,,
539,2022-05-23 00:00:00,,539.0,20160605020071.0,3.0,40.0,,,,
540,2022-05-25 00:00:00,,540.0,20160605020071.0,4.0,51.0,,,,
541,2022-05-27 00:00:00,,541.0,20160605020071.0,3.0,45.0,,,,
542,2022-05-29 00:00:00,,542.0,20160605020071.0,3.0,44.0,,,,
543,2022-06-04 00:00:00,,543.0,20160605020071.0,3.0,46.0,,,,
544,2022-06-08 00:00:00,,544.0,20160605020071.0,2.0,32.0,,,,
545,2022-06-10 00:00:00,,545.0,20160605020071.0,3.0,47.0,,,,
546,2022-06-12 00:00:00,,546.0,20160605020071.0,3.0,43.0,,,,
547,2022-06-16 00:00:00,,547.0,20160605020071.0,2.0,40.0,,,,
548,2022-06-18 00:00:00,,548.0,20160605020071.0,3.0,42.0,,,,
549,2022-06-22 00:00:00,,549.0,20160605020071.0,4.0,48.0,,,,
550,2022-07-08 00:00:00,,550.0,20160605020071.0,4.0,64.0,,,,
551,2022-07-12 00:00:00,,551.0,20160605020071.0,6.0,82.0,,,,
552,2022-07-14 00:00:00,,552.0,20160605020071.0,6.0,78.0,,,,
553,2022-07-18 00:00:00,,553.0,20160605020071.0,6.0,78.0,,,,
554,2022-07-20 00:00:00,,554.0,20160605020071.0,4.0,62.0,,,,
555,2022-07-22 00:00:00,,555.0,20160605020071.0,6.0,66.0,,,,
556,2022-07-24 00:00:00,,556.0,20160605020071.0,6.0,76.0,,,,
557,2022-07-26 00:00:00,,557.0,20160605020071.0,4.0,64.0,,,,
558,2022-07-28 00:00:00,,558.0,20160605020071.0,6.0,80.0,,,,
559,2022-07-30 00:00:00,,559.0,20160605020071.0,4.0,70.0,,,,
560,2022-08-03 00:00:00,,560.0,20160605020071.0,2.0,36.0,,,,
561,2022-08-05 00:00:00,,561.0,20160605020071.0,3.0,48.0,,,,
562,2022-08-07 00:00:00,,562.0,20160605020071.0,2.0,33.0,,,,
563,2022-08-09 00:00:00,,563.0,20160605020071.0,2.0,32.0,,,,
564,2022-08-11 00:00:00,,564.0,20160605020071.0,2.0,29.0,,,,
565,2022-08-21 00:00:00,,565.0,20160605020071.0,2.0,33.0,,,,
566,2022-08-23 00:00:00,,566.0,20160605020071.0,1.0,8.0,,,,
567,2022-08-25 00:00:00,,567.0,20160605020071.0,2.0,25.0,,,,
568,2022-08-31 00:00:00,,568.0,20160605020071.0,1.0,19.0,,,,
569,2022-09-06 00:00:00,,569.0,20160605020071.0,2.0,23.0,,,,
570,2022-09-08 00:00:00,,570.0,20160605020071.0,2.0,33.0,,,,
571,2022-09-10 00:00:00,,571.0,20160605020071.0,2.0,29.0,,,,
572,2022-09-12 00:00:00,,572.0,20160605020071.0,2.0,30.0,,,,
573,2022-09-16 00:00:00,,573.0,20160605020071.0,2.0,18.0,,,,
574,2022-09-18 00:00:00,,574.0,20160605020071.0,1.0,18.0,,,,
575,2022-09-20 00:00:00,,575.0,20160605020071.0,3.0,25.0,,,,
576,2022-09-22 00:00:00,,576.0,20160605020071.0,3.0,29.0,,,,
577,2022-09-28 00:00:00,,577.0,20160605020071.0,3.0,29.0,,,,
578,2022-09-30 00:00:00,,578.0,20160605020071.0,3.0,30.0,,,,
579,2022-10-04 00:00:00,,579.0,20160605020071.0,1.0,13.0,,,,
580,2022-10-06 00:00:00,,580.0,20160605020071.0,1.0,20.0,,,,
581,2022-10-08 00:00:00,,581.0,20160605020071.0,1.0,14.0,,,,
582,2022-10-12 00:00:00,,582.0,20160605020071.0,1.0,12.0,,,,
583,2022-10-14 00:00:00,,583.0,20160605020071.0,2.0,20.0,,,,
584,2022-10-24 00:00:00,,584.0,20160605020071.0,2.0,18.0,,,,
585,2022-10-26 00:00:00,,585.0,20160605020071.0,2.0,21.0,,,,
586,2022-11-01 00:00:00,,586.0,20160605020071.0,1.0,10.0,,,,
587,2022-11-03 00:00:00,,587.0,20160605020071.0,1.0,13.0,,,,
588,2022-11-07 00:00:00,,588.0,20160605020071.0,2.0,20.0,,,,
589,2023-05-31 23:00:00,,,,,,9.0,,,
590,2023-05-31 23:00:00,,,,,,9.0,,,
591,2023-05-28 23:00:00,,,,,,10.0,,,
592,2023-05-28 23:00:00,,,,,,10.0,,,
593,2023-05-21 23:00:00,,,,,,9.0,,,
594,2023-05-21 23:00:00,,,,,,9.0,,,
595,2023-05-20 23:00:00,,,,,,7.0,,,
596,2023-05-20 23:00:00,,,,,,7.0,,,
597,2023-05-17 23:00:00,,,,,,10.0,,,
598,2023-05-17 23:00:00,,,,,,10.0,,,
599,2023-05-16 23:00:00,,,,,,9.0,,,
600,2023-05-16 23:00:00,,,,,,9.0,,,
601,2023-05-15 23:00:00,,,,,,9.0,,,
602,2023-05-15 23:00:00,,,,,,9.0,,,
603,2023-05-14 23:00:00,,,,,,8.0,,,
604,2023-05-14 23:00:00,,,,,,8.0,,,
605,2023-05-10 23:00:00,,,,,,10.0,,,
606,2023-05-10 23:00:00,,,,,,10.0,,,
607,2023-05-08 23:00:00,,,,,,7.0,,,
608,2023-05-08 23:00:00,,,,,,7.0,,,
609,2023-05-01 23:00:00,,,,,,8.0,,,
610,2023-05-01 23:00:00,,,,,,8.0,,,
611,2023-04-30 23:00:00,,,,,,8.0,,,
612,2023-04-29 23:00:00,,,,,,8.0,,,
613,2023-04-28 23:00:00,,,,,,6.0,,,
614,2022-04-29 23:00:00,,,,,,9.0,,,
615,2022-04-29 23:00:00,,,,,,9.0,,,
616,2022-04-28 23:00:00,,,,,,0.0,,,
617,2022-04-28 23:00:00,,,,,,0.0,,,
618,2022-04-27 23:00:00,,,,,,8.0,,,
619,2022-04-27 23:00:00,,,,,,8.0,,,
620,2022-04-25 23:00:00,,,,,,0.0,,,
621,2022-04-25 23:00:00,,,,,,0.0,,,
622,2022-04-23 23:00:00,,,,,,0.0,,,
623,2022-04-23 23:00:00,,,,,,0.0,,,
624,2022-04-21 23:00:00,,,,,,0.0,,,
625,2022-04-21 23:00:00,,,,,,0.0,,,
626,2022-04-19 23:00:00,,,,,,0.0,,,
627,2022-04-19 23:00:00,,,,,,0.0,,,
628,2022-04-18 23:00:00,,,,,,0.0,,,
629,2022-04-18 23:00:00,,,,,,0.0,,,
630,2022-04-17 23:00:00,,,,,,7.0,,,
631,2022-04-17 23:00:00,,,,,,7.0,,,
632,2022-04-16 23:00:00,,,,,,0.0,,,
633,2022-04-16 23:00:00,,,,,,0.0,,,
634,2022-04-15 23:00:00,,,,,,7.0,,,
635,2022-04-15 23:00:00,,,,,,7.0,,,
636,2022-04-14 23:00:00,,,,,,0.0,,,
637,2022-04-14 23:00:00,,,,,,0.0,,,
638,2022-04-13 23:00:00,,,,,,7.0,,,
639,2022-04-13 23:00:00,,,,,,7.0,,,
640,2022-04-11 23:00:00,,,,,,0.0,,,
641,2022-04-11 23:00:00,,,,,,0.0,,,
642,2022-04-09 23:00:00,,,,,,0.0,,,
643,2022-04-09 23:00:00,,,,,,0.0,,,
644,2022-04-08 23:00:00,,,,,,0.0,,,
645,2022-04-08 23:00:00,,,,,,0.0,,,
646,2022-04-07 23:00:00,,,,,,7.0,,,
647,2022-04-07 23:00:00,,,,,,7.0,,,
648,2022-04-05 23:00:00,,,,,,0.0,,,
649,2022-04-05 23:00:00,,,,,,0.0,,,
650,2022-04-04 23:00:00,,,,,,0.0,,,
651,2022-04-04 23:00:00,,,,,,0.0,,,
652,2022-04-03 23:00:00,,,,,,9.0,,,
653,2022-04-03 23:00:00,,,,,,9.0,,,
654,2022-04-02 23:00:00,,,,,,0.0,,,
655,2022-04-02 23:00:00,,,,,,0.0,,,
656,2022-03-31 23:00:00,,,,,,0.0,,,
657,2022-03-30 23:00:00,,,,,,7.0,,,
658,2022-03-28 23:00:00,,,,,,0.0,,,
659,2022-03-27 23:00:00,,,,,,0.0,,,
660,2022-03-26 23:00:00,,,,,,9.0,,,
661,2022-03-24 23:00:00,,,,,,0.0,,,
662,2022-03-22 23:00:00,,,,,,0.0,,,
663,2022-03-20 23:00:00,,,,,,0.0,,,
664,2022-03-18 23:00:00,,,,,,0.0,,,
665,2022-03-16 23:00:00,,,,,,0.0,,,
666,2022-03-15 23:00:00,,,,,,0.0,,,
667,2022-03-14 23:00:00,,,,,,9.0,,,
668,2022-03-13 23:00:00,,,,,,0.0,,,
669,2022-03-12 23:00:00,,,,,,8.0,,,
670,2022-03-10 23:00:00,,,,,,0.0,,,
671,2022-03-09 23:00:00,,,,,,0.0,,,
672,2022-03-08 23:00:00,,,,,,7.0,,,
673,2022-03-06 23:00:00,,,,,,0.0,,,
674,2022-03-04 23:00:00,,,,,,0.0,,,
675,2022-03-03 23:00:00,,,,,,0.0,,,
676,2022-03-02 23:00:00,,,,,,7.0,,,
677,2022-02-28 23:00:00,,,,,,0.0,,,
678,2022-02-27 23:00:00,,,,,,0.0,,,
679,2022-02-26 23:00:00,,,,,,5.0,,,
680,2022-02-24 23:00:00,,,,,,0.0,,,
681,2022-02-22 23:00:00,,,,,,0.0,,,
682,2022-02-21 23:00:00,,,,,,0.0,,,
683,2022-02-20 23:00:00,,,,,,5.0,,,
684,2022-02-18 23:00:00,,,,,,0.0,,,
685,2022-02-17 23:00:00,,,,,,0.0,,,
686,2022-02-16 23:00:00,,,,,,5.0,,,
687,2022-02-14 23:00:00,,,,,,0.0,,,
688,2022-02-12 23:00:00,,,,,,0.0,,,
689,2022-02-11 23:00:00,,,,,,0.0,,,
690,2022-02-10 23:00:00,,,,,,9.0,,,
691,2022-02-08 23:00:00,,,,,,0.0,,,
692,2022-02-06 23:00:00,,,,,,0.0,,,
693,2022-02-05 23:00:00,,,,,,0.0,,,
694,2022-02-04 23:00:00,,,,,,10.0,,,
695,2022-02-02 23:00:00,,,,,,0.0,,,
696,2022-02-01 23:00:00,,,,,,0.0,,,
697,2022-01-31 23:00:00,,,,,,9.0,,,
698,2022-01-29 23:00:00,,,,,,0.0,,,
699,2022-01-28 23:00:00,,,,,,0.0,,,
700,2022-01-27 23:00:00,,,,,,10.0,,,
701,2022-01-25 23:00:00,,,,,,0.0,,,
702,2023-08-13 23:00:00,,,,,,6.0,,,
703,2023-08-08 23:00:00,,,,,,6.0,,,
704,2023-08-06 23:00:00,,,,,,7.0,,,
705,2023-07-31 23:00:00,,,,,,8.0,,,
706,2023-07-30 23:00:00,,,,,,7.0,,,
707,2023-07-29 23:00:00,,,,,,8.0,,,
708,2023-07-25 23:00:00,,,,,,6.0,,,
709,2023-07-24 23:00:00,,,,,,7.0,,,
710,2023-07-23 23:00:00,,,,,,7.0,,,
711,2023-07-22 23:00:00,,,,,,9.0,,,
712,2023-07-19 23:00:00,,,,,,7.0,,,
713,2023-07-17 23:00:00,,,,,,7.0,,,
714,2023-07-16 23:00:00,,,,,,6.0,,,
715,2023-07-15 23:00:00,,,,,,9.0,,,
716,2023-07-14 23:00:00,,,,,,6.0,,,
717,2023-07-07 23:00:00,,,,,,7.0,,,
718,2023-07-06 23:00:00,,,,,,5.0,,,
719,2023-07-05 23:00:00,,,,,,6.0,,,
720,2023-07-02 23:00:00,,,,,,7.0,,,
721,2023-07-01 23:00:00,,,,,,9.0,,,
722,2023-06-30 23:00:00,,,,,,9.0,,,
723,2023-06-22 23:00:00,,,,,,8.0,,,
724,2023-06-14 23:00:00,,,,,,7.0,,,
725,2023-06-13 23:00:00,,,,,,7.0,,,
726,2023-06-12 23:00:00,,,,,,9.0,,,
727,2023-06-11 23:00:00,,,,,,9.0,,,
728,2023-06-10 23:00:00,,,,,,8.0,,,
729,2023-06-08 23:00:00,,,,,,10.0,,,
730,2023-06-07 23:00:00,,,,,,7.0,,,
731,2023-06-04 23:00:00,,,,,,11.0,,,
732,2023-06-03 23:00:00,,,,,,7.0,,,
733,2023-06-01 23:00:00,,,,,,8.0,,,
734,2021-12-12 23:00:00,,,,,,0.0,,,
735,2021-12-11 23:00:00,,,,,,13.0,,,
736,2021-12-10 23:00:00,,,,,,10.0,,,
737,2021-12-09 23:00:00,,,,,,10.0,,,
738,2021-12-08 23:00:00,,,,,,10.0,,,
739,2021-12-07 23:00:00,,,,,,10.0,,,
740,2021-12-06 23:00:00,,,,,,10.0,,,
741,2021-12-05 23:00:00,,,,,,10.0,,,
742,2021-12-04 23:00:00,,,,,,10.0,,,
743,2021-12-03 23:00:00,,,,,,10.0,,,
744,2021-12-02 23:00:00,,,,,,10.0,,,
745,2021-12-01 23:00:00,,,,,,10.0,,,
746,2021-11-30 23:00:00,,,,,,10.0,,,
747,2021-11-29 23:00:00,,,,,,10.0,,,
748,2021-11-28 23:00:00,,,,,,10.0,,,
749,2021-11-27 23:00:00,,,,,,7.0,,,
750,2021-11-26 23:00:00,,,,,,10.0,,,
751,2021-11-25 23:00:00,,,,,,10.0,,,
752,2021-11-24 23:00:00,,,,,,10.0,,,
753,2021-11-23 23:00:00,,,,,,10.0,,,
754,2021-11-22 23:00:00,,,,,,10.0,,,
755,2021-11-21 23:00:00,,,,,,10.0,,,
756,2021-11-20 23:00:00,,,,,,9.0,,,
757,2021-11-19 23:00:00,,,,,,9.0,,,
758,2021-11-18 23:00:00,,,,,,11.0,,,
759,2021-11-17 23:00:00,,,,,,10.0,,,
760,2021-11-16 23:00:00,,,,,,8.0,,,
761,2021-11-14 23:00:00,,,,,,8.0,,,
762,2021-11-13 23:00:00,,,,,,9.0,,,
763,2021-11-12 23:00:00,,,,,,8.0,,,
764,2021-11-11 23:00:00,,,,,,8.0,,,
765,2021-11-09 23:00:00,,,,,,7.0,,,
766,2021-11-08 23:00:00,,,,,,7.0,,,
767,2021-11-07 23:00:00,,,,,,7.0,,,
768,2021-11-06 23:00:00,,,,,,7.0,,,
769,2021-11-05 23:00:00,,,,,,7.0,,,
770,2021-11-04 23:00:00,,,,,,7.0,,,
771,2021-11-03 23:00:00,,,,,,7.0,,,
772,2021-11-02 23:00:00,,,,,,5.0,,,
773,2021-10-31 23:00:00,,,,,,7.0,,,
774,2021-10-30 23:00:00,,,,,,6.0,,,
775,2021-10-29 23:00:00,,,,,,6.0,,,
776,2021-10-28 23:00:00,,,,,,5.0,,,
777,2021-10-27 23:00:00,,,,,,7.0,,,
778,2021-10-26 23:00:00,,,,,,5.0,,,
779,2021-10-25 23:00:00,,,,,,5.0,,,
780,2021-10-24 23:00:00,,,,,,7.0,,,
781,2021-10-23 23:00:00,,,,,,5.0,,,
782,2021-10-22 23:00:00,,,,,,5.0,,,
783,2021-10-21 23:00:00,,,,,,5.0,,,
784,2021-10-20 23:00:00,,,,,,6.0,,,
785,2021-10-19 23:00:00,,,,,,6.0,,,
786,2021-10-18 23:00:00,,,,,,5.0,,,
787,2021-10-17 23:00:00,,,,,,5.0,,,
788,2021-10-16 23:00:00,,,,,,5.0,,,
789,2021-10-15 23:00:00,,,,,,5.0,,,
790,2021-10-14 23:00:00,,,,,,4.0,,,
791,2021-10-13 23:00:00,,,,,,5.0,,,
792,2021-10-12 23:00:00,,,,,,5.0,,,
793,2021-10-11 23:00:00,,,,,,5.0,,,
794,2021-10-10 23:00:00,,,,,,4.0,,,
795,2021-10-09 23:00:00,,,,,,4.0,,,
796,2021-10-08 23:00:00,,,,,,5.0,,,
797,2021-10-07 23:00:00,,,,,,4.0,,,
798,2021-10-06 23:00:00,,,,,,5.0,,,
799,2021-10-05 23:00:00,,,,,,4.0,,,
800,2021-10-04 23:00:00,,,,,,5.0,,,
801,2021-10-03 23:00:00,,,,,,3.0,,,
802,2021-10-02 23:00:00,,,,,,6.0,,,
803,2021-10-01 23:00:00,,,,,,3.0,,,
804,2021-09-30 23:00:00,,,,,,5.0,,,
805,2021-09-29 23:00:00,,,,,,5.0,,,
806,2021-09-28 23:00:00,,,,,,4.0,,,
807,2021-09-27 23:00:00,,,,,,4.0,,,
808,2021-09-26 23:00:00,,,,,,4.0,,,
809,2021-09-25 23:00:00,,,,,,4.0,,,
810,2021-09-24 23:00:00,,,,,,4.0,,,
811,2021-09-22 23:00:00,,,,,,4.0,,,
812,2021-09-21 23:00:00,,,,,,1.0,,,
813,2021-05-30 00:00:00,,,,,,7.0,,,
814,2021-04-24 00:00:00,,,,,,8.0,,,
815,2021-01-03 00:00:00,,,,,,9.0,,,
816,2020-12-31 00:00:00,,,,,,6.0,,,
817,2020-12-30 00:00:00,,,,,,8.0,,,
818,2020-12-29 00:00:00,,,,,,9.0,,,
819,2022-08-31 23:00:00,,,,,,0.0,,,
820,2022-08-31 23:00:00,,,,,,0.0,,,
821,2022-08-27 23:00:00,,,,,,0.0,,,
822,2022-08-27 23:00:00,,,,,,0.0,,,
823,2022-08-25 23:00:00,,,,,,0.0,,,
824,2022-08-25 23:00:00,,,,,,0.0,,,
825,2022-08-05 23:00:00,,,,,,0.0,,,
826,2022-08-05 23:00:00,,,,,,0.0,,,
827,2022-08-04 23:00:00,,,,,,0.0,,,
828,2022-08-04 23:00:00,,,,,,0.0,,,
829,2022-08-03 23:00:00,,,,,,6.0,,,
830,2022-08-03 23:00:00,,,,,,6.0,,,
831,2022-07-31 23:00:00,,,,,,0.0,,,
832,2022-07-30 23:00:00,,,,,,6.0,,,
833,2022-07-28 23:00:00,,,,,,0.0,,,
834,2022-07-26 23:00:00,,,,,,0.0,,,
835,2022-07-24 23:00:00,,,,,,0.0,,,
836,2022-07-23 23:00:00,,,,,,0.0,,,
837,2022-07-22 23:00:00,,,,,,6.0,,,
838,2022-07-21 23:00:00,,,,,,0.0,,,
839,2022-07-18 23:00:00,,,,,,0.0,,,
840,2022-07-16 23:00:00,,,,,,0.0,,,
841,2022-07-14 23:00:00,,,,,,0.0,,,
842,2022-07-13 23:00:00,,,,,,0.0,,,
843,2022-07-12 23:00:00,,,,,,8.0,,,
844,2022-07-10 23:00:00,,,,,,0.0,,,
845,2022-07-06 23:00:00,,,,,,8.0,,,
846,2022-07-02 23:00:00,,,,,,7.0,,,
847,2022-06-28 23:00:00,,,,,,0.0,,,
848,2022-06-26 23:00:00,,,,,,0.0,,,
849,2022-06-22 23:00:00,,,,,,0.0,,,
850,2022-06-19 23:00:00,,,,,,0.0,,,
851,2022-06-18 23:00:00,,,,,,7.0,,,
852,2022-06-16 23:00:00,,,,,,0.0,,,
853,2022-06-14 23:00:00,,,,,,0.0,,,
854,2022-06-10 23:00:00,,,,,,0.0,,,
855,2022-06-08 23:00:00,,,,,,6.0,,,
856,2022-06-04 23:00:00,,,,,,8.0,,,
857,2022-06-02 23:00:00,,,,,,7.0,,,
858,2022-06-01 23:00:00,,,,,,0.0,,,
859,2022-05-31 23:00:00,,,,,,8.0,,,
860,2022-05-29 23:00:00,,,,,,0.0,,,
861,2022-05-27 23:00:00,,,,,,0.0,,,
862,2022-05-25 23:00:00,,,,,,0.0,,,
863,2022-05-24 23:00:00,,,,,,0.0,,,
864,2022-05-23 23:00:00,,,,,,7.0,,,
865,2022-05-22 23:00:00,,,,,,0.0,,,
866,2022-05-19 23:00:00,,,,,,0.0,,,
867,2022-05-15 23:00:00,,,,,,0.0,,,
868,2022-05-13 23:00:00,,,,,,0.0,,,
869,2022-05-12 23:00:00,,,,,,0.0,,,
870,2022-05-11 23:00:00,,,,,,7.0,,,
871,2022-05-09 23:00:00,,,,,,0.0,,,
872,2022-05-07 23:00:00,,,,,,0.0,,,
873,2022-05-05 23:00:00,,,,,,0.0,,,
874,2022-05-03 23:00:00,,,,,,0.0,,,
875,2022-05-02 23:00:00,,,,,,0.0,,,
876,2022-05-01 23:00:00,,,,,,7.0,,,
877,2022-10-17 23:00:00,,,,,,0.0,,,
878,2022-10-14 23:00:00,,,,,,4.0,,,
879,2022-10-12 23:00:00,,,,,,0.0,,,
880,2022-10-09 23:00:00,,,,,,0.0,,,
881,2022-10-08 23:00:00,,,,,,2.0,,,
882,2022-10-07 23:00:00,,,,,,0.0,,,
883,2022-10-06 23:00:00,,,,,,2.0,,,
884,2022-10-04 23:00:00,,,,,,0.0,,,
885,2022-10-01 23:00:00,,,,,,0.0,,,
886,2022-09-30 23:00:00,,,,,,6.0,,,
887,2022-09-28 23:00:00,,,,,,5.0,,,
888,2022-09-24 23:00:00,,,,,,0.0,,,
889,2022-09-22 23:00:00,,,,,,0.0,,,
890,2022-09-20 23:00:00,,,,,,0.0,,,
891,2022-09-18 23:00:00,,,,,,0.0,,,
892,2022-09-16 23:00:00,,,,,,0.0,,,
893,2022-09-13 23:00:00,,,,,,0.0,,,
894,2022-09-12 23:00:00,,,,,,5.0,,,
895,2022-09-11 23:00:00,,,,,,0.0,,,
896,2022-09-10 23:00:00,,,,,,5.0,,,
897,2022-09-08 23:00:00,,,,,,0.0,,,
898,2022-09-06 23:00:00,,,,,,0.0,,,
899,2022-09-03 23:00:00,,,,,,0.0,,,
900,2022-09-02 23:00:00,,,,,,5.0,,,
901,2020-08-28 00:00:00,,,,,,,243.0,23.0,70.0
902,2020-09-15 00:00:00,,,,,,,516.0,22.0,68.0
903,2020-09-28 00:00:00,,,,,,,688.0,19.0,71.0
904,2020-09-29 00:00:00,,,,,,,686.0,19.0,74.0
905,2020-09-30 00:00:00,,,,,,,686.0,19.0,77.0
906,2020-10-01 00:00:00,,,,,,,686.0,20.0,75.0
907,2020-10-02 00:00:00,,,,,,,686.0,19.0,80.0
908,2020-10-03 00:00:00,,,,,,,688.0,21.0,71.0
909,2020-10-04 00:00:00,,,,,,,683.0,18.0,73.0
910,2020-10-05 00:00:00,,,,,,,684.0,13.0,67.0
911,2020-10-06 00:00:00,,,,,,,680.0,13.0,82.0
912,2020-10-27 00:00:00,,,,,,,682.0,13.0,74.0
913,2020-10-28 00:00:00,,,,,,,674.0,13.0,82.0
914,2020-10-29 00:00:00,,,,,,,677.0,9.0,68.0
915,2020-10-30 00:00:00,,,,,,,682.0,10.0,60.0
916,2020-10-31 00:00:00,,,,,,,678.0,11.0,74.0
917,2020-11-01 00:00:00,,,,,,,678.0,13.0,68.0
918,2020-11-02 00:00:00,,,,,,,681.0,10.0,63.0
919,2020-11-03 00:00:00,,,,,,,681.0,6.0,55.0
920,2020-11-04 00:00:00,,,,,,,675.0,4.0,82.0
921,2020-11-17 00:00:00,,,,,,,681.0,8.0,82.0
922,2020-11-18 00:00:00,,,,,,,679.0,14.0,82.0
923,2020-11-19 00:00:00,,,,,,,678.0,22.0,82.0
924,2020-11-20 00:00:00,,,,,,,682.0,8.0,82.0
925,2020-11-21 00:00:00,,,,,,,675.0,1.0,82.0
926,2020-11-22 00:00:00,,,,,,,680.0,9.0,82.0
927,2020-11-23 00:00:00,,,,,,,680.0,3.0,82.0
928,2020-11-24 00:00:00,,,,,,,673.0,0.0,82.0
929,2020-11-26 00:00:00,,,,,,,676.0,0.0,82.0
930,2020-11-27 00:00:00,,,,,,,677.0,2.0,82.0
931,2020-11-28 00:00:00,,,,,,,667.0,-1.0,82.0
932,2020-11-29 00:00:00,,,,,,,664.0,-2.0,82.0
933,2020-11-30 00:00:00,,,,,,,662.0,-4.0,82.0
934,2020-12-01 00:00:00,,,,,,,665.0,-5.0,82.0
935,2020-12-06 00:00:00,,,,,,,682.0,2.0,80.0
936,2020-12-08 00:00:00,,,,,,,330.0,-1.0,57.0
937,2020-12-09 00:00:00,,,,,,,666.0,-1.0,71.0
938,2020-08-24 00:00:00,,,,,,,,0.0,
939,2020-08-25 00:00:00,,,,,,,,0.0,
940,2020-09-24 00:00:00,,,,,,,,28.0,
941,2020-12-10 00:00:00,,,,,,,,2.0,
